Feedback,Sentiment
"The solar panels are performing exceptionally well, exceeding energy generation expectations.",Positive
"The installation process was smooth, and the panels are already saving costs.",Positive
Energy efficiency has significantly improved since installing the solar panels.,Positive
The panels require minimal maintenance and deliver consistent performance.,Positive
The design fits well with the building aesthetics.,Positive
Excellent durability under harsh weather conditions.,Positive
The solar inverter's performance is highly reliable.,Positive
The new HVAC system is extremely energy efficient and has lowered utility bills.,Positive
"The cooling capacity of the system is excellent, even in peak summer.",Positive
"The installation team was professional, and the setup was quick.",Positive
The air quality has noticeably improved in the building.,Positive
The noise levels of the HVAC system are barely noticeable.,Positive
"The project was completed ahead of schedule, which saved additional costs.",Positive
The quality of materials used is commendable.,Positive
The team maintained excellent communication throughout the project.,Positive
The safety measures implemented on-site were outstanding.,Positive
The new bus fleet has drastically improved public transportation reliability.,Positive
The rail network upgrade has reduced delays significantly.,Positive
The design of the new transport system is user-friendly and accessible.,Positive
Passenger feedback on comfort and cleanliness has been overwhelmingly positive.,Positive
The new software implementation has streamlined our operations effectively.,Positive
Customer support was exceptional during the onboarding process.,Positive
The system's speed and reliability have greatly improved.,Positive
The new network infrastructure is secure and robust.,Positive
The maintenance costs for the solar panels are too high.,Negative
The panels don't seem to perform well in cloudy weather.,Negative
The installation was delayed beyond the agreed timeline.,Negative
The monitoring system often provides inaccurate energy readings.,Negative
Replacement parts are hard to find and expensive.,Negative
"The HVAC system frequently breaks down, causing inconvenience.",Negative
The noise levels are much higher than expected.,Negative
The energy consumption of the system is higher than promised.,Negative
"The airflow distribution is uneven, leaving some areas too warm.",Negative
The project ran significantly over budget.,Negative
There were multiple safety incidents on the construction site.,Negative
"The materials used are subpar, leading to structural concerns.",Negative
The new transport system's scheduling is inconsistent.,Negative
The ticketing system frequently crashes during peak hours.,Negative
"The bus fleet is unreliable, with frequent breakdowns.",Negative
The software crashes during critical operations.,Negative
The new system's user interface is unintuitive and confusing.,Negative
The network experiences frequent downtimes.,Negative
"The solar panels are functioning as expected, with no major issues.",Neutral
The performance is average and aligns with industry standards.,Neutral
Installation was satisfactory but lacked any standout features.,Neutral
"The HVAC system meets the basic requirements, but thereâ€™s nothing exceptional about it.",Neutral
"The installation process was average, with minor delays.",Neutral
The noise levels are manageable but not ideal.,Neutral
"The project is progressing on schedule, with no major updates to report.",Neutral
"The quality of materials is acceptable, though not the best in the market.",Neutral
"The transport system is functional, but the changes are barely noticeable.",Neutral
The improvements in scheduling are minor but appreciated.,Neutral
The software is running fine but lacks advanced features we expected.,Neutral
The new network infrastructure meets our needs but doesn't offer significant improvements.,Neutral
"The solar panels generate excellent energy output, but the monitoring system often provides inaccurate data.",Mixed
"The panels are efficient and reliable, but replacement parts are too expensive and difficult to source.",Mixed
"While the installation team was professional, the timeline was not met, causing project delays.",Mixed
"The HVAC system cools the building well, but the noise levels are much higher than expected.",Mixed
"The air quality improvement is noticeable, but the system consumes more energy than anticipated.",Mixed
"The installation was smooth, but the system frequently breaks down under peak load.",Mixed
"The project team communicated well, but the construction quality does not meet expectations.",Mixed
"The safety measures on-site were robust, but the project ran over budget.",Mixed
"The timeline was followed accurately, but the final structure lacks aesthetic appeal.",Mixed
"The new transport system design is user-friendly, but the buses are often delayed during peak hours.",Mixed
"Passenger comfort has improved, but the ticketing system is prone to technical issues.",Mixed
"The rail network upgrade has reduced delays, but the maintenance cost has risen significantly.",Mixed
"The software runs efficiently during normal operations, but it struggles with heavy user loads.",Mixed
"The onboarding process was smooth, but the interface needs improvement for non-technical users.",Mixed
"The new infrastructure is secure, but the downtime during implementation was disruptive.",Mixed
The project started strong but faced delays later.,Mixed
Communication from the team was poor.,Negative
Project deliverables were completed ahead of schedule.,Positive
The work done was satisfactory.,Neutral
The team went above and beyond expectations.,Positive
The project was completed as expected.,Neutral
"Some goals were achieved, but others were not.",Mixed
The feedback provided was not considered.,Negative
The quality of the work was below expectations.,Negative
The team met the basic requirements.,Neutral
The project deliverables were delayed.,Negative
"The quality was excellent, but the timeline slipped.",Mixed
The team was responsive but missed some key details.,Mixed
Communication was consistent.,Neutral
Resource allocation was inadequate.,Negative
The quality of the work was exceptional.,Positive
No major issues occurred during the project.,Neutral
"Communication was good, but deliverables were delayed.",Mixed
Resource management was outstanding.,Positive
The team communicated effectively throughout.,Positive
